-- phpMyAdmin SQL Dump
-- version 5.2.1
-- https://www.phpmyadmin.net/
--
-- Host: 127.0.0.1
-- Generation Time: May 05, 2025 at 11:52 AM
-- Server version: 10.4.32-MariaDB
-- PHP Version: 8.0.30

SET SQL_MODE = "NO_AUTO_VALUE_ON_ZERO";
START TRANSACTION;
SET time_zone = "+00:00";


/*!40101 SET @OLD_CHARACTER_SET_CLIENT=@@CHARACTER_SET_CLIENT */;
/*!40101 SET @OLD_CHARACTER_SET_RESULTS=@@CHARACTER_SET_RESULTS */;
/*!40101 SET @OLD_COLLATION_CONNECTION=@@COLLATION_CONNECTION */;
/*!40101 SET NAMES utf8mb4 */;

--
-- Database: `smart_campus`
--

-- --------------------------------------------------------

--
-- Table structure for table `classes`
--

CREATE TABLE `classes` (
  `id` int(11) NOT NULL,
  `name` varchar(100) NOT NULL,
  `schedule_id` int(11) NOT NULL,
  `room_id` int(11) NOT NULL
) ENGINE=InnoDB DEFAULT CHARSET=utf8mb4 COLLATE=utf8mb4_general_ci;

--
-- Dumping data for table `classes`
--

INSERT INTO `classes` (`id`, `name`, `schedule_id`, `room_id`) VALUES
(1, 'Mathematics 101', 1, 1),
(2, 'Computer Science Lab', 2, 2),
(3, 'Mathematics 101', 1, 1),
(4, 'Computer Science Lab', 2, 2),
(5, 'Mathematics 101', 1, 1),
(6, 'Computer Science Lab', 2, 2),
(7, 'Mathematics 101', 1, 1),
(8, 'Computer Science Lab', 2, 2),
(9, 'Mathematics 101', 1, 1),
(10, 'Computer Science Lab', 2, 2),
(11, 'Mathematics 101', 1, 1),
(12, 'Computer Science Lab', 2, 2),
(13, 'Mathematics 101', 1, 1),
(14, 'Computer Science Lab', 2, 2),
(15, 'Mathematics 101', 1, 1),
(16, 'Computer Science Lab', 2, 2),
(17, 'Mathematics 101', 1, 1),
(18, 'Computer Science Lab', 2, 2),
(19, 'Mathematics 101', 1, 1),
(20, 'Computer Science Lab', 2, 2),
(21, 'Mathematics 101', 1, 1),
(22, 'Computer Science Lab', 2, 2),
(23, 'Mathematics 101', 1, 1),
(24, 'Computer Science Lab', 2, 2),
(25, 'Mathematics 101', 1, 1),
(26, 'Computer Science Lab', 2, 2),
(27, 'Mathematics 101', 1, 1),
(28, 'Computer Science Lab', 2, 2),
(29, 'Mathematics 101', 1, 1),
(30, 'Computer Science Lab', 2, 2),
(31, 'Mathematics 101', 1, 1),
(32, 'Computer Science Lab', 2, 2),
(33, 'Mathematics 101', 1, 1),
(34, 'Computer Science Lab', 2, 2),
(35, 'Mathematics 101', 1, 1),
(36, 'Computer Science Lab', 2, 2),
(37, 'Mathematics 101', 1, 1),
(38, 'Computer Science Lab', 2, 2),
(39, 'Mathematics 101', 1, 1),
(40, 'Computer Science Lab', 2, 2),
(41, 'Mathematics 101', 1, 1),
(42, 'Computer Science Lab', 2, 2),
(43, 'Mathematics 101', 1, 1),
(44, 'Computer Science Lab', 2, 2),
(45, 'Mathematics 101', 1, 1),
(46, 'Computer Science Lab', 2, 2),
(47, 'Mathematics 101', 1, 1),
(48, 'Computer Science Lab', 2, 2),
(49, 'Mathematics 101', 1, 1),
(50, 'Computer Science Lab', 2, 2),
(51, 'Mathematics 101', 1, 1),
(52, 'Computer Science Lab', 2, 2),
(53, 'Mathematics 101', 1, 1),
(54, 'Computer Science Lab', 2, 2),
(55, 'Mathematics 101', 1, 1),
(56, 'Computer Science Lab', 2, 2),
(57, 'Mathematics 101', 1, 1),
(58, 'Computer Science Lab', 2, 2),
(59, 'Mathematics 101', 1, 1),
(60, 'Computer Science Lab', 2, 2),
(61, 'Mathematics 101', 1, 1),
(62, 'Computer Science Lab', 2, 2),
(63, 'Mathematics 101', 1, 1),
(64, 'Computer Science Lab', 2, 2),
(65, 'Mathematics 101', 1, 1),
(66, 'Computer Science Lab', 2, 2),
(67, 'Mathematics 101', 1, 1),
(68, 'Computer Science Lab', 2, 2),
(69, 'Mathematics 101', 1, 1),
(70, 'Computer Science Lab', 2, 2),
(71, 'Mathematics 101', 1, 1),
(72, 'Computer Science Lab', 2, 2),
(73, 'Mathematics 101', 1, 1),
(74, 'Computer Science Lab', 2, 2),
(75, 'Mathematics 101', 1, 1),
(76, 'Computer Science Lab', 2, 2),
(77, 'Mathematics 101', 1, 1),
(78, 'Computer Science Lab', 2, 2),
(79, 'Mathematics 101', 1, 1),
(80, 'Computer Science Lab', 2, 2),
(81, 'Mathematics 101', 1, 1),
(82, 'Computer Science Lab', 2, 2),
(83, 'Mathematics 101', 1, 1),
(84, 'Computer Science Lab', 2, 2),
(85, 'Mathematics 101', 1, 1),
(86, 'Computer Science Lab', 2, 2),
(87, 'Mathematics 101', 1, 1),
(88, 'Computer Science Lab', 2, 2),
(89, 'Mathematics 101', 1, 1),
(90, 'Computer Science Lab', 2, 2),
(91, 'Mathematics 101', 1, 1),
(92, 'Computer Science Lab', 2, 2),
(93, 'Mathematics 101', 1, 1),
(94, 'Computer Science Lab', 2, 2),
(95, 'Mathematics 101', 1, 1),
(96, 'Computer Science Lab', 2, 2),
(97, 'Mathematics 101', 1, 1),
(98, 'Computer Science Lab', 2, 2),
(99, 'Mathematics 101', 1, 1),
(100, 'Computer Science Lab', 2, 2),
(101, 'Mathematics 101', 1, 1),
(102, 'Computer Science Lab', 2, 2),
(103, 'Mathematics 101', 1, 1),
(104, 'Computer Science Lab', 2, 2),
(105, 'Mathematics 101', 1, 1),
(106, 'Computer Science Lab', 2, 2),
(107, 'Mathematics 101', 1, 1),
(108, 'Computer Science Lab', 2, 2),
(109, 'Mathematics 101', 1, 1),
(110, 'Computer Science Lab', 2, 2),
(111, 'Mathematics 101', 1, 1),
(112, 'Computer Science Lab', 2, 2),
(113, 'Mathematics 101', 1, 1),
(114, 'Computer Science Lab', 2, 2),
(115, 'Mathematics 101', 1, 1),
(116, 'Computer Science Lab', 2, 2),
(117, 'Mathematics 101', 1, 1),
(118, 'Computer Science Lab', 2, 2),
(119, 'Mathematics 101', 1, 1),
(120, 'Computer Science Lab', 2, 2),
(121, 'Mathematics 101', 1, 1),
(122, 'Computer Science Lab', 2, 2),
(123, 'Mathematics 101', 1, 1),
(124, 'Computer Science Lab', 2, 2),
(125, 'Mathematics 101', 1, 1),
(126, 'Computer Science Lab', 2, 2),
(127, 'Mathematics 101', 1, 1),
(128, 'Computer Science Lab', 2, 2),
(129, 'Mathematics 101', 1, 1),
(130, 'Computer Science Lab', 2, 2),
(131, 'Mathematics 101', 1, 1),
(132, 'Computer Science Lab', 2, 2),
(133, 'Mathematics 101', 1, 1),
(134, 'Computer Science Lab', 2, 2),
(135, 'Mathematics 101', 1, 1),
(136, 'Computer Science Lab', 2, 2),
(137, 'Mathematics 101', 1, 1),
(138, 'Computer Science Lab', 2, 2),
(139, 'Mathematics 101', 1, 1),
(140, 'Computer Science Lab', 2, 2),
(141, 'Mathematics 101', 1, 1),
(142, 'Computer Science Lab', 2, 2),
(143, 'Mathematics 101', 1, 1),
(144, 'Computer Science Lab', 2, 2),
(145, 'Mathematics 101', 1, 1),
(146, 'Computer Science Lab', 2, 2),
(147, 'Mathematics 101', 1, 1),
(148, 'Computer Science Lab', 2, 2),
(149, 'Mathematics 101', 1, 1),
(150, 'Computer Science Lab', 2, 2),
(151, 'Mathematics 101', 1, 1),
(152, 'Computer Science Lab', 2, 2),
(153, 'Mathematics 101', 1, 1),
(154, 'Computer Science Lab', 2, 2),
(155, 'Mathematics 101', 1, 1),
(156, 'Computer Science Lab', 2, 2),
(157, 'Mathematics 101', 1, 1),
(158, 'Computer Science Lab', 2, 2),
(159, 'Mathematics 101', 1, 1),
(160, 'Computer Science Lab', 2, 2),
(161, 'Mathematics 101', 1, 1),
(162, 'Computer Science Lab', 2, 2),
(163, 'Mathematics 101', 1, 1),
(164, 'Computer Science Lab', 2, 2),
(165, 'Mathematics 101', 1, 1),
(166, 'Computer Science Lab', 2, 2),
(167, 'Mathematics 101', 1, 1),
(168, 'Computer Science Lab', 2, 2),
(169, 'Mathematics 101', 1, 1),
(170, 'Computer Science Lab', 2, 2),
(171, 'Mathematics 101', 1, 1),
(172, 'Computer Science Lab', 2, 2),
(173, 'Mathematics 101', 1, 1),
(174, 'Computer Science Lab', 2, 2),
(175, 'Mathematics 101', 1, 1),
(176, 'Computer Science Lab', 2, 2),
(177, 'Mathematics 101', 1, 1),
(178, 'Computer Science Lab', 2, 2),
(179, 'Mathematics 101', 1, 1),
(180, 'Computer Science Lab', 2, 2),
(181, 'Mathematics 101', 1, 1),
(182, 'Computer Science Lab', 2, 2),
(183, 'Mathematics 101', 1, 1),
(184, 'Computer Science Lab', 2, 2),
(185, 'Mathematics 101', 1, 1),
(186, 'Computer Science Lab', 2, 2),
(187, 'Mathematics 101', 1, 1),
(188, 'Computer Science Lab', 2, 2),
(189, 'Mathematics 101', 1, 1),
(190, 'Computer Science Lab', 2, 2),
(191, 'Mathematics 101', 1, 1),
(192, 'Computer Science Lab', 2, 2),
(193, 'Mathematics 101', 1, 1),
(194, 'Computer Science Lab', 2, 2),
(195, 'Mathematics 101', 1, 1),
(196, 'Computer Science Lab', 2, 2),
(197, 'Mathematics 101', 1, 1),
(198, 'Computer Science Lab', 2, 2),
(199, 'Mathematics 101', 1, 1),
(200, 'Computer Science Lab', 2, 2),
(201, 'Mathematics 101', 1, 1),
(202, 'Computer Science Lab', 2, 2),
(203, 'Mathematics 101', 1, 1),
(204, 'Computer Science Lab', 2, 2),
(205, 'Mathematics 101', 1, 1),
(206, 'Computer Science Lab', 2, 2),
(207, 'Mathematics 101', 1, 1),
(208, 'Computer Science Lab', 2, 2),
(209, 'Mathematics 101', 1, 1),
(210, 'Computer Science Lab', 2, 2),
(211, 'Mathematics 101', 1, 1),
(212, 'Computer Science Lab', 2, 2),
(213, 'Mathematics 101', 1, 1),
(214, 'Computer Science Lab', 2, 2),
(215, 'Mathematics 101', 1, 1),
(216, 'Computer Science Lab', 2, 2),
(217, 'Mathematics 101', 1, 1),
(218, 'Computer Science Lab', 2, 2),
(219, 'Mathematics 101', 1, 1),
(220, 'Computer Science Lab', 2, 2),
(221, 'Mathematics 101', 1, 1),
(222, 'Computer Science Lab', 2, 2),
(223, 'Mathematics 101', 1, 1),
(224, 'Computer Science Lab', 2, 2),
(225, 'Mathematics 101', 1, 1),
(226, 'Computer Science Lab', 2, 2),
(227, 'Mathematics 101', 1, 1),
(228, 'Computer Science Lab', 2, 2),
(229, 'Mathematics 101', 1, 1),
(230, 'Computer Science Lab', 2, 2),
(231, 'Mathematics 101', 1, 1),
(232, 'Computer Science Lab', 2, 2),
(233, 'Mathematics 101', 1, 1),
(234, 'Computer Science Lab', 2, 2),
(235, 'Mathematics 101', 1, 1),
(236, 'Computer Science Lab', 2, 2),
(237, 'Mathematics 101', 1, 1),
(238, 'Computer Science Lab', 2, 2),
(239, 'Mathematics 101', 1, 1),
(240, 'Computer Science Lab', 2, 2),
(241, 'Mathematics 101', 1, 1),
(242, 'Computer Science Lab', 2, 2),
(243, 'Mathematics 101', 1, 1),
(244, 'Computer Science Lab', 2, 2),
(245, 'Mathematics 101', 1, 1),
(246, 'Computer Science Lab', 2, 2),
(247, 'Mathematics 101', 1, 1),
(248, 'Computer Science Lab', 2, 2),
(249, 'Mathematics 101', 1, 1),
(250, 'Computer Science Lab', 2, 2),
(251, 'Mathematics 101', 1, 1),
(252, 'Computer Science Lab', 2, 2),
(253, 'Mathematics 101', 1, 1),
(254, 'Computer Science Lab', 2, 2),
(255, 'Mathematics 101', 1, 1),
(256, 'Computer Science Lab', 2, 2),
(257, 'Mathematics 101', 1, 1),
(258, 'Computer Science Lab', 2, 2),
(259, 'Mathematics 101', 1, 1),
(260, 'Computer Science Lab', 2, 2),
(261, 'Mathematics 101', 1, 1),
(262, 'Computer Science Lab', 2, 2),
(263, 'Mathematics 101', 1, 1),
(264, 'Computer Science Lab', 2, 2),
(265, 'Mathematics 101', 1, 1),
(266, 'Computer Science Lab', 2, 2),
(267, 'Mathematics 101', 1, 1),
(268, 'Computer Science Lab', 2, 2),
(269, 'Mathematics 101', 1, 1),
(270, 'Computer Science Lab', 2, 2);

-- --------------------------------------------------------

--
-- Table structure for table `days`
--

CREATE TABLE `days` (
  `id` int(11) NOT NULL,
  `name` varchar(20) NOT NULL
) ENGINE=InnoDB DEFAULT CHARSET=utf8mb4 COLLATE=utf8mb4_general_ci;

--
-- Dumping data for table `days`
--

INSERT INTO `days` (`id`, `name`) VALUES
(1, 'Monday'),
(2, 'Tuesday'),
(3, 'Wednesday'),
(4, 'Thursday'),
(5, 'Friday'),
(6, 'Saturday'),
(7, 'Monday'),
(8, 'Tuesday'),
(9, 'Wednesday'),
(10, 'Thursday'),
(11, 'Friday'),
(12, 'Saturday'),
(13, 'Monday'),
(14, 'Tuesday'),
(15, 'Wednesday'),
(16, 'Thursday'),
(17, 'Friday'),
(18, 'Saturday'),
(19, 'Monday'),
(20, 'Tuesday'),
(21, 'Wednesday'),
(22, 'Thursday'),
(23, 'Friday'),
(24, 'Saturday'),
(25, 'Monday'),
(26, 'Tuesday'),
(27, 'Wednesday'),
(28, 'Thursday'),
(29, 'Friday'),
(30, 'Saturday'),
(31, 'Monday'),
(32, 'Tuesday'),
(33, 'Wednesday'),
(34, 'Thursday'),
(35, 'Friday'),
(36, 'Saturday'),
(37, 'Monday'),
(38, 'Tuesday'),
(39, 'Wednesday'),
(40, 'Thursday'),
(41, 'Friday'),
(42, 'Saturday'),
(43, 'Monday'),
(44, 'Tuesday'),
(45, 'Wednesday'),
(46, 'Thursday'),
(47, 'Friday'),
(48, 'Saturday'),
(49, 'Monday'),
(50, 'Tuesday'),
(51, 'Wednesday'),
(52, 'Thursday'),
(53, 'Friday'),
(54, 'Saturday'),
(55, 'Monday'),
(56, 'Tuesday'),
(57, 'Wednesday'),
(58, 'Thursday'),
(59, 'Friday'),
(60, 'Saturday'),
(61, 'Monday'),
(62, 'Tuesday'),
(63, 'Wednesday'),
(64, 'Thursday'),
(65, 'Friday'),
(66, 'Saturday'),
(67, 'Monday'),
(68, 'Tuesday'),
(69, 'Wednesday'),
(70, 'Thursday'),
(71, 'Friday'),
(72, 'Saturday'),
(73, 'Monday'),
(74, 'Tuesday'),
(75, 'Wednesday'),
(76, 'Thursday'),
(77, 'Friday'),
(78, 'Saturday'),
(79, 'Monday'),
(80, 'Tuesday'),
(81, 'Wednesday'),
(82, 'Thursday'),
(83, 'Friday'),
(84, 'Saturday'),
(85, 'Monday'),
(86, 'Tuesday'),
(87, 'Wednesday'),
(88, 'Thursday'),
(89, 'Friday'),
(90, 'Saturday'),
(91, 'Monday'),
(92, 'Tuesday'),
(93, 'Wednesday'),
(94, 'Thursday'),
(95, 'Friday'),
(96, 'Saturday'),
(97, 'Monday'),
(98, 'Tuesday'),
(99, 'Wednesday'),
(100, 'Thursday'),
(101, 'Friday'),
(102, 'Saturday'),
(103, 'Monday'),
(104, 'Tuesday'),
(105, 'Wednesday'),
(106, 'Thursday'),
(107, 'Friday'),
(108, 'Saturday'),
(109, 'Monday'),
(110, 'Tuesday'),
(111, 'Wednesday'),
(112, 'Thursday'),
(113, 'Friday'),
(114, 'Saturday'),
(115, 'Monday'),
(116, 'Tuesday'),
(117, 'Wednesday'),
(118, 'Thursday'),
(119, 'Friday'),
(120, 'Saturday'),
(121, 'Monday'),
(122, 'Tuesday'),
(123, 'Wednesday'),
(124, 'Thursday'),
(125, 'Friday'),
(126, 'Saturday'),
(127, 'Monday'),
(128, 'Tuesday'),
(129, 'Wednesday'),
(130, 'Thursday'),
(131, 'Friday'),
(132, 'Saturday'),
(133, 'Monday'),
(134, 'Tuesday'),
(135, 'Wednesday'),
(136, 'Thursday'),
(137, 'Friday'),
(138, 'Saturday'),
(139, 'Monday'),
(140, 'Tuesday'),
(141, 'Wednesday'),
(142, 'Thursday'),
(143, 'Friday'),
(144, 'Saturday'),
(145, 'Monday'),
(146, 'Tuesday'),
(147, 'Wednesday'),
(148, 'Thursday'),
(149, 'Friday'),
(150, 'Saturday'),
(151, 'Monday'),
(152, 'Tuesday'),
(153, 'Wednesday'),
(154, 'Thursday'),
(155, 'Friday'),
(156, 'Saturday'),
(157, 'Monday'),
(158, 'Tuesday'),
(159, 'Wednesday'),
(160, 'Thursday'),
(161, 'Friday'),
(162, 'Saturday'),
(163, 'Monday'),
(164, 'Tuesday'),
(165, 'Wednesday'),
(166, 'Thursday'),
(167, 'Friday'),
(168, 'Saturday'),
(169, 'Monday'),
(170, 'Tuesday'),
(171, 'Wednesday'),
(172, 'Thursday'),
(173, 'Friday'),
(174, 'Saturday'),
(175, 'Monday'),
(176, 'Tuesday'),
(177, 'Wednesday'),
(178, 'Thursday'),
(179, 'Friday'),
(180, 'Saturday'),
(181, 'Monday'),
(182, 'Tuesday'),
(183, 'Wednesday'),
(184, 'Thursday'),
(185, 'Friday'),
(186, 'Saturday'),
(187, 'Monday'),
(188, 'Tuesday'),
(189, 'Wednesday'),
(190, 'Thursday'),
(191, 'Friday'),
(192, 'Saturday'),
(193, 'Monday'),
(194, 'Tuesday'),
(195, 'Wednesday'),
(196, 'Thursday'),
(197, 'Friday'),
(198, 'Saturday'),
(199, 'Monday'),
(200, 'Tuesday'),
(201, 'Wednesday'),
(202, 'Thursday'),
(203, 'Friday'),
(204, 'Saturday'),
(205, 'Monday'),
(206, 'Tuesday'),
(207, 'Wednesday'),
(208, 'Thursday'),
(209, 'Friday'),
(210, 'Saturday'),
(211, 'Monday'),
(212, 'Tuesday'),
(213, 'Wednesday'),
(214, 'Thursday'),
(215, 'Friday'),
(216, 'Saturday'),
(217, 'Monday'),
(218, 'Tuesday'),
(219, 'Wednesday'),
(220, 'Thursday'),
(221, 'Friday'),
(222, 'Saturday'),
(223, 'Monday'),
(224, 'Tuesday'),
(225, 'Wednesday'),
(226, 'Thursday'),
(227, 'Friday'),
(228, 'Saturday'),
(229, 'Monday'),
(230, 'Tuesday'),
(231, 'Wednesday'),
(232, 'Thursday'),
(233, 'Friday'),
(234, 'Saturday'),
(235, 'Monday'),
(236, 'Tuesday'),
(237, 'Wednesday'),
(238, 'Thursday'),
(239, 'Friday'),
(240, 'Saturday'),
(241, 'Monday'),
(242, 'Tuesday'),
(243, 'Wednesday'),
(244, 'Thursday'),
(245, 'Friday'),
(246, 'Saturday'),
(247, 'Monday'),
(248, 'Tuesday'),
(249, 'Wednesday'),
(250, 'Thursday'),
(251, 'Friday'),
(252, 'Saturday'),
(253, 'Monday'),
(254, 'Tuesday'),
(255, 'Wednesday'),
(256, 'Thursday'),
(257, 'Friday'),
(258, 'Saturday'),
(259, 'Monday'),
(260, 'Tuesday'),
(261, 'Wednesday'),
(262, 'Thursday'),
(263, 'Friday'),
(264, 'Saturday'),
(265, 'Monday'),
(266, 'Tuesday'),
(267, 'Wednesday'),
(268, 'Thursday'),
(269, 'Friday'),
(270, 'Saturday'),
(271, 'Monday'),
(272, 'Tuesday'),
(273, 'Wednesday'),
(274, 'Thursday'),
(275, 'Friday'),
(276, 'Saturday'),
(277, 'Monday'),
(278, 'Tuesday'),
(279, 'Wednesday'),
(280, 'Thursday'),
(281, 'Friday'),
(282, 'Saturday'),
(283, 'Monday'),
(284, 'Tuesday'),
(285, 'Wednesday'),
(286, 'Thursday'),
(287, 'Friday'),
(288, 'Saturday'),
(289, 'Monday'),
(290, 'Tuesday'),
(291, 'Wednesday'),
(292, 'Thursday'),
(293, 'Friday'),
(294, 'Saturday'),
(295, 'Monday'),
(296, 'Tuesday'),
(297, 'Wednesday'),
(298, 'Thursday'),
(299, 'Friday'),
(300, 'Saturday'),
(301, 'Monday'),
(302, 'Tuesday'),
(303, 'Wednesday'),
(304, 'Thursday'),
(305, 'Friday'),
(306, 'Saturday'),
(307, 'Monday'),
(308, 'Tuesday'),
(309, 'Wednesday'),
(310, 'Thursday'),
(311, 'Friday'),
(312, 'Saturday'),
(313, 'Monday'),
(314, 'Tuesday'),
(315, 'Wednesday'),
(316, 'Thursday'),
(317, 'Friday'),
(318, 'Saturday'),
(319, 'Monday'),
(320, 'Tuesday'),
(321, 'Wednesday'),
(322, 'Thursday'),
(323, 'Friday'),
(324, 'Saturday'),
(325, 'Monday'),
(326, 'Tuesday'),
(327, 'Wednesday'),
(328, 'Thursday'),
(329, 'Friday'),
(330, 'Saturday'),
(331, 'Monday'),
(332, 'Tuesday'),
(333, 'Wednesday'),
(334, 'Thursday'),
(335, 'Friday'),
(336, 'Saturday'),
(337, 'Monday'),
(338, 'Tuesday'),
(339, 'Wednesday'),
(340, 'Thursday'),
(341, 'Friday'),
(342, 'Saturday'),
(343, 'Monday'),
(344, 'Tuesday'),
(345, 'Wednesday'),
(346, 'Thursday'),
(347, 'Friday'),
(348, 'Saturday'),
(349, 'Monday'),
(350, 'Tuesday'),
(351, 'Wednesday'),
(352, 'Thursday'),
(353, 'Friday'),
(354, 'Saturday'),
(355, 'Monday'),
(356, 'Tuesday'),
(357, 'Wednesday'),
(358, 'Thursday'),
(359, 'Friday'),
(360, 'Saturday'),
(361, 'Monday'),
(362, 'Tuesday'),
(363, 'Wednesday'),
(364, 'Thursday'),
(365, 'Friday'),
(366, 'Saturday'),
(367, 'Monday'),
(368, 'Tuesday'),
(369, 'Wednesday'),
(370, 'Thursday'),
(371, 'Friday'),
(372, 'Saturday'),
(373, 'Monday'),
(374, 'Tuesday'),
(375, 'Wednesday'),
(376, 'Thursday'),
(377, 'Friday'),
(378, 'Saturday'),
(379, 'Monday'),
(380, 'Tuesday'),
(381, 'Wednesday'),
(382, 'Thursday'),
(383, 'Friday'),
(384, 'Saturday'),
(385, 'Monday'),
(386, 'Tuesday'),
(387, 'Wednesday'),
(388, 'Thursday'),
(389, 'Friday'),
(390, 'Saturday'),
(391, 'Monday'),
(392, 'Tuesday'),
(393, 'Wednesday'),
(394, 'Thursday'),
(395, 'Friday'),
(396, 'Saturday'),
(397, 'Monday'),
(398, 'Tuesday'),
(399, 'Wednesday'),
(400, 'Thursday'),
(401, 'Friday'),
(402, 'Saturday'),
(403, 'Monday'),
(404, 'Tuesday'),
(405, 'Wednesday'),
(406, 'Thursday'),
(407, 'Friday'),
(408, 'Saturday'),
(409, 'Monday'),
(410, 'Tuesday'),
(411, 'Wednesday'),
(412, 'Thursday'),
(413, 'Friday'),
(414, 'Saturday'),
(415, 'Monday'),
(416, 'Tuesday'),
(417, 'Wednesday'),
(418, 'Thursday'),
(419, 'Friday'),
(420, 'Saturday'),
(421, 'Monday'),
(422, 'Tuesday'),
(423, 'Wednesday'),
(424, 'Thursday'),
(425, 'Friday'),
(426, 'Saturday'),
(427, 'Monday'),
(428, 'Tuesday'),
(429, 'Wednesday'),
(430, 'Thursday'),
(431, 'Friday'),
(432, 'Saturday'),
(433, 'Monday'),
(434, 'Tuesday'),
(435, 'Wednesday'),
(436, 'Thursday'),
(437, 'Friday'),
(438, 'Saturday'),
(439, 'Monday'),
(440, 'Tuesday'),
(441, 'Wednesday'),
(442, 'Thursday'),
(443, 'Friday'),
(444, 'Saturday'),
(445, 'Monday'),
(446, 'Tuesday'),
(447, 'Wednesday'),
(448, 'Thursday'),
(449, 'Friday'),
(450, 'Saturday'),
(451, 'Monday'),
(452, 'Tuesday'),
(453, 'Wednesday'),
(454, 'Thursday'),
(455, 'Friday'),
(456, 'Saturday'),
(457, 'Monday'),
(458, 'Tuesday'),
(459, 'Wednesday'),
(460, 'Thursday'),
(461, 'Friday'),
(462, 'Saturday'),
(463, 'Monday'),
(464, 'Tuesday'),
(465, 'Wednesday'),
(466, 'Thursday'),
(467, 'Friday'),
(468, 'Saturday'),
(469, 'Monday'),
(470, 'Tuesday'),
(471, 'Wednesday'),
(472, 'Thursday'),
(473, 'Friday'),
(474, 'Saturday'),
(475, 'Monday'),
(476, 'Tuesday'),
(477, 'Wednesday'),
(478, 'Thursday'),
(479, 'Friday'),
(480, 'Saturday'),
(481, 'Monday'),
(482, 'Tuesday'),
(483, 'Wednesday'),
(484, 'Thursday'),
(485, 'Friday'),
(486, 'Saturday'),
(487, 'Monday'),
(488, 'Tuesday'),
(489, 'Wednesday'),
(490, 'Thursday'),
(491, 'Friday'),
(492, 'Saturday'),
(493, 'Monday'),
(494, 'Tuesday'),
(495, 'Wednesday'),
(496, 'Thursday'),
(497, 'Friday'),
(498, 'Saturday'),
(499, 'Monday'),
(500, 'Tuesday'),
(501, 'Wednesday'),
(502, 'Thursday'),
(503, 'Friday'),
(504, 'Saturday'),
(505, 'Monday'),
(506, 'Tuesday'),
(507, 'Wednesday'),
(508, 'Thursday'),
(509, 'Friday'),
(510, 'Saturday'),
(511, 'Monday'),
(512, 'Tuesday'),
(513, 'Wednesday'),
(514, 'Thursday'),
(515, 'Friday'),
(516, 'Saturday'),
(517, 'Monday'),
(518, 'Tuesday'),
(519, 'Wednesday'),
(520, 'Thursday'),
(521, 'Friday'),
(522, 'Saturday'),
(523, 'Monday'),
(524, 'Tuesday'),
(525, 'Wednesday'),
(526, 'Thursday'),
(527, 'Friday'),
(528, 'Saturday'),
(529, 'Monday'),
(530, 'Tuesday'),
(531, 'Wednesday'),
(532, 'Thursday'),
(533, 'Friday'),
(534, 'Saturday'),
(535, 'Monday'),
(536, 'Tuesday'),
(537, 'Wednesday'),
(538, 'Thursday'),
(539, 'Friday'),
(540, 'Saturday'),
(541, 'Monday'),
(542, 'Tuesday'),
(543, 'Wednesday'),
(544, 'Thursday'),
(545, 'Friday'),
(546, 'Saturday'),
(547, 'Monday'),
(548, 'Tuesday'),
(549, 'Wednesday'),
(550, 'Thursday'),
(551, 'Friday'),
(552, 'Saturday'),
(553, 'Monday'),
(554, 'Tuesday'),
(555, 'Wednesday'),
(556, 'Thursday'),
(557, 'Friday'),
(558, 'Saturday'),
(559, 'Monday'),
(560, 'Tuesday'),
(561, 'Wednesday'),
(562, 'Thursday'),
(563, 'Friday'),
(564, 'Saturday'),
(565, 'Monday'),
(566, 'Tuesday'),
(567, 'Wednesday'),
(568, 'Thursday'),
(569, 'Friday'),
(570, 'Saturday'),
(571, 'Monday'),
(572, 'Tuesday'),
(573, 'Wednesday'),
(574, 'Thursday'),
(575, 'Friday'),
(576, 'Saturday'),
(577, 'Monday'),
(578, 'Tuesday'),
(579, 'Wednesday'),
(580, 'Thursday'),
(581, 'Friday'),
(582, 'Saturday'),
(583, 'Monday'),
(584, 'Tuesday'),
(585, 'Wednesday'),
(586, 'Thursday'),
(587, 'Friday'),
(588, 'Saturday'),
(589, 'Monday'),
(590, 'Tuesday'),
(591, 'Wednesday'),
(592, 'Thursday'),
(593, 'Friday'),
(594, 'Saturday'),
(595, 'Monday'),
(596, 'Tuesday'),
(597, 'Wednesday'),
(598, 'Thursday'),
(599, 'Friday'),
(600, 'Saturday'),
(601, 'Monday'),
(602, 'Tuesday'),
(603, 'Wednesday'),
(604, 'Thursday'),
(605, 'Friday'),
(606, 'Saturday'),
(607, 'Monday'),
(608, 'Tuesday'),
(609, 'Wednesday'),
(610, 'Thursday'),
(611, 'Friday'),
(612, 'Saturday'),
(613, 'Monday'),
(614, 'Tuesday'),
(615, 'Wednesday'),
(616, 'Thursday'),
(617, 'Friday'),
(618, 'Saturday'),
(619, 'Monday'),
(620, 'Tuesday'),
(621, 'Wednesday'),
(622, 'Thursday'),
(623, 'Friday'),
(624, 'Saturday'),
(625, 'Monday'),
(626, 'Tuesday'),
(627, 'Wednesday'),
(628, 'Thursday'),
(629, 'Friday'),
(630, 'Saturday'),
(631, 'Monday'),
(632, 'Tuesday'),
(633, 'Wednesday'),
(634, 'Thursday'),
(635, 'Friday'),
(636, 'Saturday'),
(637, 'Monday'),
(638, 'Tuesday'),
(639, 'Wednesday'),
(640, 'Thursday'),
(641, 'Friday'),
(642, 'Saturday'),
(643, 'Monday'),
(644, 'Tuesday'),
(645, 'Wednesday'),
(646, 'Thursday'),
(647, 'Friday'),
(648, 'Saturday'),
(649, 'Monday'),
(650, 'Tuesday'),
(651, 'Wednesday'),
(652, 'Thursday'),
(653, 'Friday'),
(654, 'Saturday'),
(655, 'Monday'),
(656, 'Tuesday'),
(657, 'Wednesday'),
(658, 'Thursday'),
(659, 'Friday'),
(660, 'Saturday'),
(661, 'Monday'),
(662, 'Tuesday'),
(663, 'Wednesday'),
(664, 'Thursday'),
(665, 'Friday'),
(666, 'Saturday'),
(667, 'Monday'),
(668, 'Tuesday'),
(669, 'Wednesday'),
(670, 'Thursday'),
(671, 'Friday'),
(672, 'Saturday'),
(673, 'Monday'),
(674, 'Tuesday'),
(675, 'Wednesday'),
(676, 'Thursday'),
(677, 'Friday'),
(678, 'Saturday'),
(679, 'Monday'),
(680, 'Tuesday'),
(681, 'Wednesday'),
(682, 'Thursday'),
(683, 'Friday'),
(684, 'Saturday'),
(685, 'Monday'),
(686, 'Tuesday'),
(687, 'Wednesday'),
(688, 'Thursday'),
(689, 'Friday'),
(690, 'Saturday'),
(691, 'Monday'),
(692, 'Tuesday'),
(693, 'Wednesday'),
(694, 'Thursday'),
(695, 'Friday'),
(696, 'Saturday'),
(697, 'Monday'),
(698, 'Tuesday'),
(699, 'Wednesday'),
(700, 'Thursday'),
(701, 'Friday'),
(702, 'Saturday'),
(703, 'Monday'),
(704, 'Tuesday'),
(705, 'Wednesday'),
(706, 'Thursday'),
(707, 'Friday'),
(708, 'Saturday'),
(709, 'Monday'),
(710, 'Tuesday'),
(711, 'Wednesday'),
(712, 'Thursday'),
(713, 'Friday'),
(714, 'Saturday'),
(715, 'Monday'),
(716, 'Tuesday'),
(717, 'Wednesday'),
(718, 'Thursday'),
(719, 'Friday'),
(720, 'Saturday'),
(721, 'Monday'),
(722, 'Tuesday'),
(723, 'Wednesday'),
(724, 'Thursday'),
(725, 'Friday'),
(726, 'Saturday'),
(727, 'Monday'),
(728, 'Tuesday'),
(729, 'Wednesday'),
(730, 'Thursday'),
(731, 'Friday'),
(732, 'Saturday'),
(733, 'Monday'),
(734, 'Tuesday'),
(735, 'Wednesday'),
(736, 'Thursday'),
(737, 'Friday'),
(738, 'Saturday'),
(739, 'Monday'),
(740, 'Tuesday'),
(741, 'Wednesday'),
(742, 'Thursday'),
(743, 'Friday'),
(744, 'Saturday'),
(745, 'Monday'),
(746, 'Tuesday'),
(747, 'Wednesday'),
(748, 'Thursday'),
(749, 'Friday'),
(750, 'Saturday'),
(751, 'Monday'),
(752, 'Tuesday'),
(753, 'Wednesday'),
(754, 'Thursday'),
(755, 'Friday'),
(756, 'Saturday'),
(757, 'Monday'),
(758, 'Tuesday'),
(759, 'Wednesday'),
(760, 'Thursday'),
(761, 'Friday'),
(762, 'Saturday'),
(763, 'Monday'),
(764, 'Tuesday'),
(765, 'Wednesday'),
(766, 'Thursday'),
(767, 'Friday'),
(768, 'Saturday'),
(769, 'Monday'),
(770, 'Tuesday'),
(771, 'Wednesday'),
(772, 'Thursday'),
(773, 'Friday'),
(774, 'Saturday'),
(775, 'Monday'),
(776, 'Tuesday'),
(777, 'Wednesday'),
(778, 'Thursday'),
(779, 'Friday'),
(780, 'Saturday'),
(781, 'Monday'),
(782, 'Tuesday'),
(783, 'Wednesday'),
(784, 'Thursday'),
(785, 'Friday'),
(786, 'Saturday'),
(787, 'Monday'),
(788, 'Tuesday'),
(789, 'Wednesday'),
(790, 'Thursday'),
(791, 'Friday'),
(792, 'Saturday'),
(793, 'Monday'),
(794, 'Tuesday'),
(795, 'Wednesday'),
(796, 'Thursday'),
(797, 'Friday'),
(798, 'Saturday'),
(799, 'Monday'),
(800, 'Tuesday'),
(801, 'Wednesday'),
(802, 'Thursday'),
(803, 'Friday'),
(804, 'Saturday'),
(805, 'Monday'),
(806, 'Tuesday'),
(807, 'Wednesday'),
(808, 'Thursday'),
(809, 'Friday'),
(810, 'Saturday'),
(811, 'Monday'),
(812, 'Tuesday'),
(813, 'Wednesday'),
(814, 'Thursday'),
(815, 'Friday'),
(816, 'Saturday');

-- --------------------------------------------------------

--
-- Table structure for table `departments`
--

CREATE TABLE `departments` (
  `id` int(11) NOT NULL,
  `name` varchar(100) NOT NULL,
  `code` varchar(10) NOT NULL
) ENGINE=InnoDB DEFAULT CHARSET=utf8mb4 COLLATE=utf8mb4_general_ci;

--
-- Dumping data for table `departments`
--

INSERT INTO `departments` (`id`, `name`, `code`) VALUES
(1, 'Computer Science', 'CS'),
(2, 'Electrical Engineering', 'EE'),
(3, 'Mechanical Engineering', 'ME'),
(4, 'Business Administration', 'BA');

-- --------------------------------------------------------

--
-- Table structure for table `lecturers`
--

CREATE TABLE `lecturers` (
  `id` int(11) NOT NULL,
  `first_name` varchar(50) NOT NULL,
  `last_name` varchar(50) NOT NULL,
  `email` varchar(100) NOT NULL,
  `employee_id` varchar(20) NOT NULL,
  `department_id` int(11) NOT NULL
) ENGINE=InnoDB DEFAULT CHARSET=utf8mb4 COLLATE=utf8mb4_general_ci;

--
-- Dumping data for table `lecturers`
--

INSERT INTO `lecturers` (`id`, `first_name`, `last_name`, `email`, `employee_id`, `department_id`) VALUES
(1, 'Neo', 'Mokoena', 'neo@gmail.com', '12345', 1),
(3, 'Lethu', 'Maphosa', 'lethu@gmail.com', '2029', 2),
(6, 'Phindile', 'Maphosa', 'phi@gmail.com', '123452', 2),
(7, 'Phindile', 'Mokoena', 'hhhee@gmail.com', '1234', 4);

-- --------------------------------------------------------

--
-- Table structure for table `maintenance_requests`
--

CREATE TABLE `maintenance_requests` (
  `id` int(11) NOT NULL,
  `room_id` int(11) NOT NULL,
  `user_id` int(11) NOT NULL,
  `description` text NOT NULL,
  `status` enum('pending','in_progress','completed') DEFAULT 'pending',
  `created_at` timestamp NOT NULL DEFAULT current_timestamp(),
  `updated_at` timestamp NOT NULL DEFAULT current_timestamp() ON UPDATE current_timestamp(),
  `modified_at` timestamp NOT NULL DEFAULT current_timestamp() ON UPDATE current_timestamp(),
  `admin_feedback` text DEFAULT NULL
) ENGINE=InnoDB DEFAULT CHARSET=utf8mb4 COLLATE=utf8mb4_general_ci;

--
-- Dumping data for table `maintenance_requests`
--

INSERT INTO `maintenance_requests` (`id`, `room_id`, `user_id`, `description`, `status`, `created_at`, `updated_at`, `modified_at`, `admin_feedback`) VALUES
(1, 4, 5, 'gg', 'pending', '2025-05-03 18:58:31', '2025-05-03 18:58:31', '2025-05-05 09:21:25', NULL),
(2, 6, 5, 'bbb', 'pending', '2025-05-03 19:05:28', '2025-05-03 19:05:28', '2025-05-05 09:21:25', NULL),
(3, 5, 5, 'no lights', 'pending', '2025-05-03 19:34:03', '2025-05-03 19:34:03', '2025-05-05 09:21:25', NULL),
(4, 153, 5, 'Broken door ', 'pending', '2025-05-05 09:50:00', '2025-05-05 09:50:00', '2025-05-05 09:50:00', NULL);

-- --------------------------------------------------------

--
-- Table structure for table `notifications`
--

CREATE TABLE `notifications` (
  `id` int(11) NOT NULL,
  `user_id` int(11) NOT NULL,
  `title` varchar(100) NOT NULL,
  `message` text NOT NULL,
  `is_read` tinyint(1) DEFAULT 0,
  `created_at` timestamp NOT NULL DEFAULT current_timestamp()
) ENGINE=InnoDB DEFAULT CHARSET=utf8mb4 COLLATE=utf8mb4_general_ci;

--
-- Dumping data for table `notifications`
--

INSERT INTO `notifications` (`id`, `user_id`, `title`, `message`, `is_read`, `created_at`) VALUES
(1, 5, 'Welcome', 'Welcome to Smart Campus Portal', 0, '2025-04-30 12:31:10'),
(2, 2, 'Welcome', 'Welcome to Smart Campus Portal', 0, '2025-04-30 14:11:28'),
(3, 4, 'Welcome', 'Welcome to Smart Campus Portal', 0, '2025-04-30 14:47:35');

-- --------------------------------------------------------

--
-- Table structure for table `rooms`
--

CREATE TABLE `rooms` (
  `id` int(11) NOT NULL,
  `name` varchar(50) NOT NULL,
  `building` varchar(50) NOT NULL,
  `capacity` int(11) NOT NULL
) ENGINE=InnoDB DEFAULT CHARSET=utf8mb4 COLLATE=utf8mb4_general_ci;

--
-- Dumping data for table `rooms`
--

INSERT INTO `rooms` (`id`, `name`, `building`, `capacity`) VALUES
(1, '206', 'Building 10', 30),
(2, '201', 'Main Building', 25),
(3, 'BB Lab', 'Science Wing', 20),
(4, 'Conference Room', 'Administration', 15),
(5, 'LG44', 'Building 10', 25),
(6, 'AA Lab', 'Science Wing', 40),
(7, '101', 'Main Building', 30),
(8, 'Lab A', 'Science Wing', 20),
(9, '101', 'Main Building', 30),
(10, 'Lab A', 'Science Wing', 20),
(11, '101', 'Main Building', 30),
(12, 'Lab A', 'Science Wing', 20),
(13, '101', 'Main Building', 30),
(14, 'Lab A', 'Science Wing', 20),
(15, '101', 'Main Building', 30),
(16, 'Lab A', 'Science Wing', 20),
(17, '101', 'Main Building', 30),
(18, 'Lab A', 'Science Wing', 20),
(19, '101', 'Main Building', 30),
(20, 'Lab A', 'Science Wing', 20),
(21, '101', 'Main Building', 30),
(22, 'Lab A', 'Science Wing', 20),
(23, '101', 'Main Building', 30),
(24, 'Lab A', 'Science Wing', 20),
(25, '101', 'Main Building', 30),
(26, 'Lab A', 'Science Wing', 20),
(27, '101', 'Main Building', 30),
(28, 'Lab A', 'Science Wing', 20),
(29, '101', 'Main Building', 30),
(30, 'Lab A', 'Science Wing', 20),
(31, '101', 'Main Building', 30),
(32, 'Lab A', 'Science Wing', 20),
(33, '101', 'Main Building', 30),
(34, 'Lab A', 'Science Wing', 20),
(35, '101', 'Main Building', 30),
(36, 'Lab A', 'Science Wing', 20),
(37, '101', 'Main Building', 30),
(38, 'Lab A', 'Science Wing', 20),
(39, '101', 'Main Building', 30),
(40, 'Lab A', 'Science Wing', 20),
(41, '101', 'Main Building', 30),
(42, 'Lab A', 'Science Wing', 20),
(43, '101', 'Main Building', 30),
(44, 'Lab A', 'Science Wing', 20),
(45, '101', 'Main Building', 30),
(46, 'Lab A', 'Science Wing', 20),
(47, '101', 'Main Building', 30),
(48, 'Lab A', 'Science Wing', 20),
(49, '101', 'Main Building', 30),
(50, 'Lab A', 'Science Wing', 20),
(51, '101', 'Main Building', 30),
(52, 'Lab A', 'Science Wing', 20),
(53, '101', 'Main Building', 30),
(54, 'Lab A', 'Science Wing', 20),
(55, '101', 'Main Building', 30),
(56, 'Lab A', 'Science Wing', 20),
(57, '101', 'Main Building', 30),
(58, 'Lab A', 'Science Wing', 20),
(59, '101', 'Main Building', 30),
(60, 'Lab A', 'Science Wing', 20),
(61, '101', 'Main Building', 30),
(62, 'Lab A', 'Science Wing', 20),
(63, '101', 'Main Building', 30),
(64, 'Lab A', 'Science Wing', 20),
(65, '101', 'Main Building', 30),
(66, 'Lab A', 'Science Wing', 20),
(67, '101', 'Main Building', 30),
(68, 'Lab A', 'Science Wing', 20),
(69, '101', 'Main Building', 30),
(70, 'Lab A', 'Science Wing', 20),
(71, '101', 'Main Building', 30),
(72, 'Lab A', 'Science Wing', 20),
(73, '101', 'Main Building', 30),
(74, 'Lab A', 'Science Wing', 20),
(75, '101', 'Main Building', 30),
(76, 'Lab A', 'Science Wing', 20),
(77, '101', 'Main Building', 30),
(78, 'Lab A', 'Science Wing', 20),
(79, '101', 'Main Building', 30),
(80, 'Lab A', 'Science Wing', 20),
(81, '101', 'Main Building', 30),
(82, 'Lab A', 'Science Wing', 20),
(83, '101', 'Main Building', 30),
(84, 'Lab A', 'Science Wing', 20),
(85, '101', 'Main Building', 30),
(86, 'Lab A', 'Science Wing', 20),
(87, '101', 'Main Building', 30),
(88, 'Lab A', 'Science Wing', 20),
(89, '101', 'Main Building', 30),
(90, 'Lab A', 'Science Wing', 20),
(91, '101', 'Main Building', 30),
(92, 'Lab A', 'Science Wing', 20),
(93, '101', 'Main Building', 30),
(94, 'Lab A', 'Science Wing', 20),
(95, '101', 'Main Building', 30),
(96, 'Lab A', 'Science Wing', 20),
(97, '101', 'Main Building', 30),
(98, 'Lab A', 'Science Wing', 20),
(99, '101', 'Main Building', 30),
(100, 'Lab A', 'Science Wing', 20),
(101, '101', 'Main Building', 30),
(102, 'Lab A', 'Science Wing', 20),
(103, '101', 'Main Building', 30),
(104, 'Lab A', 'Science Wing', 20),
(105, '101', 'Main Building', 30),
(106, 'Lab A', 'Science Wing', 20),
(107, '101', 'Main Building', 30),
(108, 'Lab A', 'Science Wing', 20),
(109, '101', 'Main Building', 30),
(110, 'Lab A', 'Science Wing', 20),
(111, '101', 'Main Building', 30),
(112, 'Lab A', 'Science Wing', 20),
(113, '101', 'Main Building', 30),
(114, 'Lab A', 'Science Wing', 20),
(115, '101', 'Main Building', 30),
(116, 'Lab A', 'Science Wing', 20),
(117, '101', 'Main Building', 30),
(118, 'Lab A', 'Science Wing', 20),
(119, '101', 'Main Building', 30),
(120, 'Lab A', 'Science Wing', 20),
(121, '101', 'Main Building', 30),
(122, 'Lab A', 'Science Wing', 20),
(123, '101', 'Main Building', 30),
(124, 'Lab A', 'Science Wing', 20),
(125, '101', 'Main Building', 30),
(126, 'Lab A', 'Science Wing', 20),
(127, '101', 'Main Building', 30),
(128, 'Lab A', 'Science Wing', 20),
(129, '101', 'Main Building', 30),
(130, 'Lab A', 'Science Wing', 20),
(131, '101', 'Main Building', 30),
(132, 'Lab A', 'Science Wing', 20),
(133, '101', 'Main Building', 30),
(134, 'Lab A', 'Science Wing', 20),
(135, '101', 'Main Building', 30),
(136, 'Lab A', 'Science Wing', 20),
(137, '101', 'Main Building', 30),
(138, 'Lab A', 'Science Wing', 20),
(139, '101', 'Main Building', 30),
(140, 'Lab A', 'Science Wing', 20),
(141, '101', 'Main Building', 30),
(142, 'Lab A', 'Science Wing', 20),
(143, '101', 'Main Building', 30),
(144, 'Lab A', 'Science Wing', 20),
(145, '101', 'Main Building', 30),
(146, 'Lab A', 'Science Wing', 20),
(147, '101', 'Main Building', 30),
(148, 'Lab A', 'Science Wing', 20),
(149, '101', 'Main Building', 30),
(150, 'Lab A', 'Science Wing', 20),
(151, '101', 'Main Building', 30),
(152, 'Lab A', 'Science Wing', 20),
(153, '101', 'Main Building', 30),
(154, 'Lab A', 'Science Wing', 20),
(155, '101', 'Main Building', 30),
(156, 'Lab A', 'Science Wing', 20),
(157, '101', 'Main Building', 30),
(158, 'Lab A', 'Science Wing', 20),
(159, '101', 'Main Building', 30),
(160, 'Lab A', 'Science Wing', 20),
(161, '101', 'Main Building', 30),
(162, 'Lab A', 'Science Wing', 20),
(163, '101', 'Main Building', 30),
(164, 'Lab A', 'Science Wing', 20),
(165, '101', 'Main Building', 30),
(166, 'Lab A', 'Science Wing', 20),
(167, '101', 'Main Building', 30),
(168, 'Lab A', 'Science Wing', 20),
(169, '101', 'Main Building', 30),
(170, 'Lab A', 'Science Wing', 20),
(171, '101', 'Main Building', 30),
(172, 'Lab A', 'Science Wing', 20),
(173, '101', 'Main Building', 30),
(174, 'Lab A', 'Science Wing', 20),
(175, '101', 'Main Building', 30),
(176, 'Lab A', 'Science Wing', 20),
(177, '101', 'Main Building', 30),
(178, 'Lab A', 'Science Wing', 20),
(179, '101', 'Main Building', 30),
(180, 'Lab A', 'Science Wing', 20),
(181, '101', 'Main Building', 30),
(182, 'Lab A', 'Science Wing', 20),
(183, '101', 'Main Building', 30),
(184, 'Lab A', 'Science Wing', 20),
(185, '101', 'Main Building', 30),
(186, 'Lab A', 'Science Wing', 20),
(187, '101', 'Main Building', 30),
(188, 'Lab A', 'Science Wing', 20),
(189, '101', 'Main Building', 30),
(190, 'Lab A', 'Science Wing', 20),
(191, '101', 'Main Building', 30),
(192, 'Lab A', 'Science Wing', 20),
(193, '101', 'Main Building', 30),
(194, 'Lab A', 'Science Wing', 20),
(195, '101', 'Main Building', 30),
(196, 'Lab A', 'Science Wing', 20),
(197, '101', 'Main Building', 30),
(198, 'Lab A', 'Science Wing', 20),
(199, '101', 'Main Building', 30),
(200, 'Lab A', 'Science Wing', 20),
(201, '101', 'Main Building', 30),
(202, 'Lab A', 'Science Wing', 20),
(203, '101', 'Main Building', 30),
(204, 'Lab A', 'Science Wing', 20),
(205, '101', 'Main Building', 30),
(206, 'Lab A', 'Science Wing', 20),
(207, '101', 'Main Building', 30),
(208, 'Lab A', 'Science Wing', 20),
(209, '101', 'Main Building', 30),
(210, 'Lab A', 'Science Wing', 20),
(211, '101', 'Main Building', 30),
(212, 'Lab A', 'Science Wing', 20),
(213, '101', 'Main Building', 30),
(214, 'Lab A', 'Science Wing', 20),
(215, '101', 'Main Building', 30),
(216, 'Lab A', 'Science Wing', 20),
(217, '101', 'Main Building', 30),
(218, 'Lab A', 'Science Wing', 20),
(219, '101', 'Main Building', 30),
(220, 'Lab A', 'Science Wing', 20),
(221, '101', 'Main Building', 30),
(222, 'Lab A', 'Science Wing', 20),
(223, '101', 'Main Building', 30),
(224, 'Lab A', 'Science Wing', 20),
(225, '101', 'Main Building', 30),
(226, 'Lab A', 'Science Wing', 20),
(227, '101', 'Main Building', 30),
(228, 'Lab A', 'Science Wing', 20),
(229, '101', 'Main Building', 30),
(230, 'Lab A', 'Science Wing', 20),
(231, '101', 'Main Building', 30),
(232, 'Lab A', 'Science Wing', 20),
(233, '101', 'Main Building', 30),
(234, 'Lab A', 'Science Wing', 20),
(235, '101', 'Main Building', 30),
(236, 'Lab A', 'Science Wing', 20),
(237, '101', 'Main Building', 30),
(238, 'Lab A', 'Science Wing', 20),
(239, '101', 'Main Building', 30),
(240, 'Lab A', 'Science Wing', 20),
(241, '101', 'Main Building', 30),
(242, 'Lab A', 'Science Wing', 20),
(243, '101', 'Main Building', 30),
(244, 'Lab A', 'Science Wing', 20),
(245, '101', 'Main Building', 30),
(246, 'Lab A', 'Science Wing', 20),
(247, '101', 'Main Building', 30),
(248, 'Lab A', 'Science Wing', 20),
(249, '101', 'Main Building', 30),
(250, 'Lab A', 'Science Wing', 20),
(251, '101', 'Main Building', 30),
(252, 'Lab A', 'Science Wing', 20),
(253, '101', 'Main Building', 30),
(254, 'Lab A', 'Science Wing', 20),
(255, '101', 'Main Building', 30),
(256, 'Lab A', 'Science Wing', 20),
(257, '101', 'Main Building', 30),
(258, 'Lab A', 'Science Wing', 20),
(259, '101', 'Main Building', 30),
(260, 'Lab A', 'Science Wing', 20),
(261, '101', 'Main Building', 30),
(262, 'Lab A', 'Science Wing', 20),
(263, '101', 'Main Building', 30),
(264, 'Lab A', 'Science Wing', 20),
(265, '101', 'Main Building', 30),
(266, 'Lab A', 'Science Wing', 20),
(267, '101', 'Main Building', 30),
(268, 'Lab A', 'Science Wing', 20),
(269, '101', 'Main Building', 30),
(270, 'Lab A', 'Science Wing', 20),
(271, '101', 'Main Building', 30),
(272, 'Lab A', 'Science Wing', 20),
(273, '101', 'Main Building', 30),
(274, 'Lab A', 'Science Wing', 20),
(275, '101', 'Main Building', 30),
(276, 'Lab A', 'Science Wing', 20);

-- --------------------------------------------------------

--
-- Table structure for table `room_bookings`
--

CREATE TABLE `room_bookings` (
  `id` int(11) NOT NULL,
  `user_id` int(11) NOT NULL,
  `room_id` int(11) NOT NULL,
  `booking_date` date NOT NULL,
  `start_time` time NOT NULL,
  `end_time` time NOT NULL,
  `purpose` varchar(255) DEFAULT NULL,
  `status` enum('pending','approved','rejected') DEFAULT 'pending',
  `created_at` timestamp NOT NULL DEFAULT current_timestamp(),
  `modified_at` timestamp NOT NULL DEFAULT current_timestamp() ON UPDATE current_timestamp()
) ENGINE=InnoDB DEFAULT CHARSET=utf8mb4 COLLATE=utf8mb4_general_ci;

--
-- Dumping data for table `room_bookings`
--

INSERT INTO `room_bookings` (`id`, `user_id`, `room_id`, `booking_date`, `start_time`, `end_time`, `purpose`, `status`, `created_at`, `modified_at`) VALUES
(2, 5, 1, '2025-04-30', '13:00:00', '15:00:00', 'I will Host the class', 'rejected', '2025-04-30 13:34:12', '2025-05-05 09:20:47'),
(3, 5, 2, '2025-04-30', '23:00:00', '00:00:00', 'Cross night', 'approved', '2025-04-30 16:54:36', '2025-05-05 09:20:47'),
(5, 5, 4, '2025-05-03', '00:00:00', '01:00:00', 'tt', 'approved', '2025-05-03 20:12:54', '2025-05-05 09:20:47'),
(6, 5, 1, '2025-05-03', '00:00:00', '00:05:00', 'event', 'pending', '2025-05-03 20:13:36', '2025-05-05 09:20:47'),
(7, 5, 155, '2025-05-04', '00:00:00', '00:00:00', 'church', 'rejected', '2025-05-04 20:04:21', '2025-05-05 09:30:54');

-- --------------------------------------------------------

--
-- Table structure for table `schedules`
--

CREATE TABLE `schedules` (
  `id` int(11) NOT NULL,
  `day_id` int(11) NOT NULL,
  `start_time` time NOT NULL,
  `end_time` time NOT NULL
) ENGINE=InnoDB DEFAULT CHARSET=utf8mb4 COLLATE=utf8mb4_general_ci;

--
-- Dumping data for table `schedules`
--

INSERT INTO `schedules` (`id`, `day_id`, `start_time`, `end_time`) VALUES
(1, 1, '09:00:00', '10:30:00'),
(2, 3, '14:00:00', '15:30:00'),
(3, 1, '09:00:00', '10:30:00'),
(4, 3, '14:00:00', '15:30:00'),
(5, 1, '09:00:00', '10:30:00'),
(6, 3, '14:00:00', '15:30:00'),
(7, 1, '09:00:00', '10:30:00'),
(8, 3, '14:00:00', '15:30:00'),
(9, 1, '09:00:00', '10:30:00'),
(10, 3, '14:00:00', '15:30:00'),
(11, 1, '09:00:00', '10:30:00'),
(12, 3, '14:00:00', '15:30:00'),
(13, 1, '09:00:00', '10:30:00'),
(14, 3, '14:00:00', '15:30:00'),
(15, 1, '09:00:00', '10:30:00'),
(16, 3, '14:00:00', '15:30:00'),
(17, 1, '09:00:00', '10:30:00'),
(18, 3, '14:00:00', '15:30:00'),
(19, 1, '09:00:00', '10:30:00'),
(20, 3, '14:00:00', '15:30:00'),
(21, 1, '09:00:00', '10:30:00'),
(22, 3, '14:00:00', '15:30:00'),
(23, 1, '09:00:00', '10:30:00'),
(24, 3, '14:00:00', '15:30:00'),
(25, 1, '09:00:00', '10:30:00'),
(26, 3, '14:00:00', '15:30:00'),
(27, 1, '09:00:00', '10:30:00'),
(28, 3, '14:00:00', '15:30:00'),
(29, 1, '09:00:00', '10:30:00'),
(30, 3, '14:00:00', '15:30:00'),
(31, 1, '09:00:00', '10:30:00'),
(32, 3, '14:00:00', '15:30:00'),
(33, 1, '09:00:00', '10:30:00'),
(34, 3, '14:00:00', '15:30:00'),
(35, 1, '09:00:00', '10:30:00'),
(36, 3, '14:00:00', '15:30:00'),
(37, 1, '09:00:00', '10:30:00'),
(38, 3, '14:00:00', '15:30:00'),
(39, 1, '09:00:00', '10:30:00'),
(40, 3, '14:00:00', '15:30:00'),
(41, 1, '09:00:00', '10:30:00'),
(42, 3, '14:00:00', '15:30:00'),
(43, 1, '09:00:00', '10:30:00'),
(44, 3, '14:00:00', '15:30:00'),
(45, 1, '09:00:00', '10:30:00'),
(46, 3, '14:00:00', '15:30:00'),
(47, 1, '09:00:00', '10:30:00'),
(48, 3, '14:00:00', '15:30:00'),
(49, 1, '09:00:00', '10:30:00'),
(50, 3, '14:00:00', '15:30:00'),
(51, 1, '09:00:00', '10:30:00'),
(52, 3, '14:00:00', '15:30:00'),
(53, 1, '09:00:00', '10:30:00'),
(54, 3, '14:00:00', '15:30:00'),
(55, 1, '09:00:00', '10:30:00'),
(56, 3, '14:00:00', '15:30:00'),
(57, 1, '09:00:00', '10:30:00'),
(58, 3, '14:00:00', '15:30:00'),
(59, 1, '09:00:00', '10:30:00'),
(60, 3, '14:00:00', '15:30:00'),
(61, 1, '09:00:00', '10:30:00'),
(62, 3, '14:00:00', '15:30:00'),
(63, 1, '09:00:00', '10:30:00'),
(64, 3, '14:00:00', '15:30:00'),
(65, 1, '09:00:00', '10:30:00'),
(66, 3, '14:00:00', '15:30:00'),
(67, 1, '09:00:00', '10:30:00'),
(68, 3, '14:00:00', '15:30:00'),
(69, 1, '09:00:00', '10:30:00'),
(70, 3, '14:00:00', '15:30:00'),
(71, 1, '09:00:00', '10:30:00'),
(72, 3, '14:00:00', '15:30:00'),
(73, 1, '09:00:00', '10:30:00'),
(74, 3, '14:00:00', '15:30:00'),
(75, 1, '09:00:00', '10:30:00'),
(76, 3, '14:00:00', '15:30:00'),
(77, 1, '09:00:00', '10:30:00'),
(78, 3, '14:00:00', '15:30:00'),
(79, 1, '09:00:00', '10:30:00'),
(80, 3, '14:00:00', '15:30:00'),
(81, 1, '09:00:00', '10:30:00'),
(82, 3, '14:00:00', '15:30:00'),
(83, 1, '09:00:00', '10:30:00'),
(84, 3, '14:00:00', '15:30:00'),
(85, 1, '09:00:00', '10:30:00'),
(86, 3, '14:00:00', '15:30:00'),
(87, 1, '09:00:00', '10:30:00'),
(88, 3, '14:00:00', '15:30:00'),
(89, 1, '09:00:00', '10:30:00'),
(90, 3, '14:00:00', '15:30:00'),
(91, 1, '09:00:00', '10:30:00'),
(92, 3, '14:00:00', '15:30:00'),
(93, 1, '09:00:00', '10:30:00'),
(94, 3, '14:00:00', '15:30:00'),
(95, 1, '09:00:00', '10:30:00'),
(96, 3, '14:00:00', '15:30:00'),
(97, 1, '09:00:00', '10:30:00'),
(98, 3, '14:00:00', '15:30:00'),
(99, 1, '09:00:00', '10:30:00'),
(100, 3, '14:00:00', '15:30:00'),
(101, 1, '09:00:00', '10:30:00'),
(102, 3, '14:00:00', '15:30:00'),
(103, 1, '09:00:00', '10:30:00'),
(104, 3, '14:00:00', '15:30:00'),
(105, 1, '09:00:00', '10:30:00'),
(106, 3, '14:00:00', '15:30:00'),
(107, 1, '09:00:00', '10:30:00'),
(108, 3, '14:00:00', '15:30:00'),
(109, 1, '09:00:00', '10:30:00'),
(110, 3, '14:00:00', '15:30:00'),
(111, 1, '09:00:00', '10:30:00'),
(112, 3, '14:00:00', '15:30:00'),
(113, 1, '09:00:00', '10:30:00'),
(114, 3, '14:00:00', '15:30:00'),
(115, 1, '09:00:00', '10:30:00'),
(116, 3, '14:00:00', '15:30:00'),
(117, 1, '09:00:00', '10:30:00'),
(118, 3, '14:00:00', '15:30:00'),
(119, 1, '09:00:00', '10:30:00'),
(120, 3, '14:00:00', '15:30:00'),
(121, 1, '09:00:00', '10:30:00'),
(122, 3, '14:00:00', '15:30:00'),
(123, 1, '09:00:00', '10:30:00'),
(124, 3, '14:00:00', '15:30:00'),
(125, 1, '09:00:00', '10:30:00'),
(126, 3, '14:00:00', '15:30:00'),
(127, 1, '09:00:00', '10:30:00'),
(128, 3, '14:00:00', '15:30:00'),
(129, 1, '09:00:00', '10:30:00'),
(130, 3, '14:00:00', '15:30:00'),
(131, 1, '09:00:00', '10:30:00'),
(132, 3, '14:00:00', '15:30:00'),
(133, 1, '09:00:00', '10:30:00'),
(134, 3, '14:00:00', '15:30:00'),
(135, 1, '09:00:00', '10:30:00'),
(136, 3, '14:00:00', '15:30:00'),
(137, 1, '09:00:00', '10:30:00'),
(138, 3, '14:00:00', '15:30:00'),
(139, 1, '09:00:00', '10:30:00'),
(140, 3, '14:00:00', '15:30:00'),
(141, 1, '09:00:00', '10:30:00'),
(142, 3, '14:00:00', '15:30:00'),
(143, 1, '09:00:00', '10:30:00'),
(144, 3, '14:00:00', '15:30:00'),
(145, 1, '09:00:00', '10:30:00'),
(146, 3, '14:00:00', '15:30:00'),
(147, 1, '09:00:00', '10:30:00'),
(148, 3, '14:00:00', '15:30:00'),
(149, 1, '09:00:00', '10:30:00'),
(150, 3, '14:00:00', '15:30:00'),
(151, 1, '09:00:00', '10:30:00'),
(152, 3, '14:00:00', '15:30:00'),
(153, 1, '09:00:00', '10:30:00'),
(154, 3, '14:00:00', '15:30:00'),
(155, 1, '09:00:00', '10:30:00'),
(156, 3, '14:00:00', '15:30:00'),
(157, 1, '09:00:00', '10:30:00'),
(158, 3, '14:00:00', '15:30:00'),
(159, 1, '09:00:00', '10:30:00'),
(160, 3, '14:00:00', '15:30:00'),
(161, 1, '09:00:00', '10:30:00'),
(162, 3, '14:00:00', '15:30:00'),
(163, 1, '09:00:00', '10:30:00'),
(164, 3, '14:00:00', '15:30:00'),
(165, 1, '09:00:00', '10:30:00'),
(166, 3, '14:00:00', '15:30:00'),
(167, 1, '09:00:00', '10:30:00'),
(168, 3, '14:00:00', '15:30:00'),
(169, 1, '09:00:00', '10:30:00'),
(170, 3, '14:00:00', '15:30:00'),
(171, 1, '09:00:00', '10:30:00'),
(172, 3, '14:00:00', '15:30:00'),
(173, 1, '09:00:00', '10:30:00'),
(174, 3, '14:00:00', '15:30:00'),
(175, 1, '09:00:00', '10:30:00'),
(176, 3, '14:00:00', '15:30:00'),
(177, 1, '09:00:00', '10:30:00'),
(178, 3, '14:00:00', '15:30:00'),
(179, 1, '09:00:00', '10:30:00'),
(180, 3, '14:00:00', '15:30:00'),
(181, 1, '09:00:00', '10:30:00'),
(182, 3, '14:00:00', '15:30:00'),
(183, 1, '09:00:00', '10:30:00'),
(184, 3, '14:00:00', '15:30:00'),
(185, 1, '09:00:00', '10:30:00'),
(186, 3, '14:00:00', '15:30:00'),
(187, 1, '09:00:00', '10:30:00'),
(188, 3, '14:00:00', '15:30:00'),
(189, 1, '09:00:00', '10:30:00'),
(190, 3, '14:00:00', '15:30:00'),
(191, 1, '09:00:00', '10:30:00'),
(192, 3, '14:00:00', '15:30:00'),
(193, 1, '09:00:00', '10:30:00'),
(194, 3, '14:00:00', '15:30:00'),
(195, 1, '09:00:00', '10:30:00'),
(196, 3, '14:00:00', '15:30:00'),
(197, 1, '09:00:00', '10:30:00'),
(198, 3, '14:00:00', '15:30:00'),
(199, 1, '09:00:00', '10:30:00'),
(200, 3, '14:00:00', '15:30:00'),
(201, 1, '09:00:00', '10:30:00'),
(202, 3, '14:00:00', '15:30:00'),
(203, 1, '09:00:00', '10:30:00'),
(204, 3, '14:00:00', '15:30:00'),
(205, 1, '09:00:00', '10:30:00'),
(206, 3, '14:00:00', '15:30:00'),
(207, 1, '09:00:00', '10:30:00'),
(208, 3, '14:00:00', '15:30:00'),
(209, 1, '09:00:00', '10:30:00'),
(210, 3, '14:00:00', '15:30:00'),
(211, 1, '09:00:00', '10:30:00'),
(212, 3, '14:00:00', '15:30:00'),
(213, 1, '09:00:00', '10:30:00'),
(214, 3, '14:00:00', '15:30:00'),
(215, 1, '09:00:00', '10:30:00'),
(216, 3, '14:00:00', '15:30:00'),
(217, 1, '09:00:00', '10:30:00'),
(218, 3, '14:00:00', '15:30:00'),
(219, 1, '09:00:00', '10:30:00'),
(220, 3, '14:00:00', '15:30:00'),
(221, 1, '09:00:00', '10:30:00'),
(222, 3, '14:00:00', '15:30:00'),
(223, 1, '09:00:00', '10:30:00'),
(224, 3, '14:00:00', '15:30:00'),
(225, 1, '09:00:00', '10:30:00'),
(226, 3, '14:00:00', '15:30:00'),
(227, 1, '09:00:00', '10:30:00'),
(228, 3, '14:00:00', '15:30:00'),
(229, 1, '09:00:00', '10:30:00'),
(230, 3, '14:00:00', '15:30:00'),
(231, 1, '09:00:00', '10:30:00'),
(232, 3, '14:00:00', '15:30:00'),
(233, 1, '09:00:00', '10:30:00'),
(234, 3, '14:00:00', '15:30:00'),
(235, 1, '09:00:00', '10:30:00'),
(236, 3, '14:00:00', '15:30:00'),
(237, 1, '09:00:00', '10:30:00'),
(238, 3, '14:00:00', '15:30:00'),
(239, 1, '09:00:00', '10:30:00'),
(240, 3, '14:00:00', '15:30:00'),
(241, 1, '09:00:00', '10:30:00'),
(242, 3, '14:00:00', '15:30:00'),
(243, 1, '09:00:00', '10:30:00'),
(244, 3, '14:00:00', '15:30:00'),
(245, 1, '09:00:00', '10:30:00'),
(246, 3, '14:00:00', '15:30:00'),
(247, 1, '09:00:00', '10:30:00'),
(248, 3, '14:00:00', '15:30:00'),
(249, 1, '09:00:00', '10:30:00'),
(250, 3, '14:00:00', '15:30:00'),
(251, 1, '09:00:00', '10:30:00'),
(252, 3, '14:00:00', '15:30:00'),
(253, 1, '09:00:00', '10:30:00'),
(254, 3, '14:00:00', '15:30:00'),
(255, 1, '09:00:00', '10:30:00'),
(256, 3, '14:00:00', '15:30:00'),
(257, 1, '09:00:00', '10:30:00'),
(258, 3, '14:00:00', '15:30:00'),
(259, 1, '09:00:00', '10:30:00'),
(260, 3, '14:00:00', '15:30:00'),
(261, 1, '09:00:00', '10:30:00'),
(262, 3, '14:00:00', '15:30:00'),
(263, 1, '09:00:00', '10:30:00'),
(264, 3, '14:00:00', '15:30:00'),
(265, 1, '09:00:00', '10:30:00'),
(266, 3, '14:00:00', '15:30:00'),
(267, 1, '09:00:00', '10:30:00'),
(268, 3, '14:00:00', '15:30:00'),
(269, 1, '09:00:00', '10:30:00'),
(270, 3, '14:00:00', '15:30:00');

-- --------------------------------------------------------

--
-- Table structure for table `student_classes`
--

CREATE TABLE `student_classes` (
  `student_id` int(11) NOT NULL,
  `class_id` int(11) NOT NULL
) ENGINE=InnoDB DEFAULT CHARSET=utf8mb4 COLLATE=utf8mb4_general_ci;

--
-- Dumping data for table `student_classes`
--

INSERT INTO `student_classes` (`student_id`, `class_id`) VALUES
(5, 1),
(5, 2);

-- --------------------------------------------------------

--
-- Table structure for table `users`
--

CREATE TABLE `users` (
  `id` int(11) NOT NULL,
  `username` varchar(50) NOT NULL,
  `password` varchar(255) NOT NULL,
  `role` enum('student','lecturer','admin') NOT NULL,
  `email` varchar(100) NOT NULL,
  `created_at` timestamp NOT NULL DEFAULT current_timestamp(),
  `status` varchar(20) DEFAULT 'active'
) ENGINE=InnoDB DEFAULT CHARSET=utf8mb4 COLLATE=utf8mb4_general_ci;

--
-- Dumping data for table `users`
--

INSERT INTO `users` (`id`, `username`, `password`, `role`, `email`, `created_at`, `status`) VALUES
(1, 'admin', 'admin@123', 'admin', 'admin@campus.edu', '2025-04-29 18:14:53', 'active'),
(2, 'Phindi', '$2b$10$Nr1SBZdFNqepvUVJS8QIEuRp0VSGplM6MPixqz.2D6jXXXkdn6NWC', 'admin', 'phindi@gmail.com', '2025-04-29 19:05:30', 'active'),
(3, 'admin2', '$2a$10$N9qo8uLOickgx2ZMRZoMy.MrYI9tR9W7XkRJMPq3J2pXe3lXhQ5GW', 'admin', 'admin2@campus.edu', '2025-04-29 19:37:01', 'active'),
(4, '220211', '$2b$10$3/G0./wRM1rZCsDmeh6cpeaRrxU7a/eSM.4j/IDGH8zkdv0hHsdvi', 'student', 'lihle@gmail.com', '2025-04-29 19:51:25', 'active'),
(5, '2024', '$2b$10$vC4C6lMSsl2ga5kSgjP5VOzEs.RvIY5eH/eMH7qeQ1XmHrWVk3mbS', 'student', 'lolo@gmail.com', '2025-04-29 20:23:12', 'active');

--
-- Indexes for dumped tables
--

--
-- Indexes for table `classes`
--
ALTER TABLE `classes`
  ADD PRIMARY KEY (`id`),
  ADD KEY `schedule_id` (`schedule_id`),
  ADD KEY `room_id` (`room_id`);

--
-- Indexes for table `days`
--
ALTER TABLE `days`
  ADD PRIMARY KEY (`id`);

--
-- Indexes for table `departments`
--
ALTER TABLE `departments`
  ADD PRIMARY KEY (`id`);

--
-- Indexes for table `lecturers`
--
ALTER TABLE `lecturers`
  ADD PRIMARY KEY (`id`),
  ADD UNIQUE KEY `email` (`email`),
  ADD UNIQUE KEY `employee_id` (`employee_id`),
  ADD KEY `department_id` (`department_id`);

--
-- Indexes for table `maintenance_requests`
--
ALTER TABLE `maintenance_requests`
  ADD PRIMARY KEY (`id`),
  ADD KEY `room_id` (`room_id`),
  ADD KEY `user_id` (`user_id`);

--
-- Indexes for table `notifications`
--
ALTER TABLE `notifications`
  ADD PRIMARY KEY (`id`),
  ADD KEY `user_id` (`user_id`);

--
-- Indexes for table `rooms`
--
ALTER TABLE `rooms`
  ADD PRIMARY KEY (`id`);

--
-- Indexes for table `room_bookings`
--
ALTER TABLE `room_bookings`
  ADD PRIMARY KEY (`id`),
  ADD KEY `user_id` (`user_id`),
  ADD KEY `room_id` (`room_id`);

--
-- Indexes for table `schedules`
--
ALTER TABLE `schedules`
  ADD PRIMARY KEY (`id`),
  ADD KEY `day_id` (`day_id`);

--
-- Indexes for table `student_classes`
--
ALTER TABLE `student_classes`
  ADD PRIMARY KEY (`student_id`,`class_id`),
  ADD KEY `class_id` (`class_id`);

--
-- Indexes for table `users`
--
ALTER TABLE `users`
  ADD PRIMARY KEY (`id`),
  ADD UNIQUE KEY `username` (`username`),
  ADD UNIQUE KEY `email` (`email`);

--
-- AUTO_INCREMENT for dumped tables
--

--
-- AUTO_INCREMENT for table `classes`
--
ALTER TABLE `classes`
  MODIFY `id` int(11) NOT NULL AUTO_INCREMENT, AUTO_INCREMENT=271;

--
-- AUTO_INCREMENT for table `days`
--
ALTER TABLE `days`
  MODIFY `id` int(11) NOT NULL AUTO_INCREMENT, AUTO_INCREMENT=817;

--
-- AUTO_INCREMENT for table `departments`
--
ALTER TABLE `departments`
  MODIFY `id` int(11) NOT NULL AUTO_INCREMENT, AUTO_INCREMENT=5;

--
-- AUTO_INCREMENT for table `lecturers`
--
ALTER TABLE `lecturers`
  MODIFY `id` int(11) NOT NULL AUTO_INCREMENT, AUTO_INCREMENT=8;

--
-- AUTO_INCREMENT for table `maintenance_requests`
--
ALTER TABLE `maintenance_requests`
  MODIFY `id` int(11) NOT NULL AUTO_INCREMENT, AUTO_INCREMENT=5;

--
-- AUTO_INCREMENT for table `notifications`
--
ALTER TABLE `notifications`
  MODIFY `id` int(11) NOT NULL AUTO_INCREMENT, AUTO_INCREMENT=4;

--
-- AUTO_INCREMENT for table `rooms`
--
ALTER TABLE `rooms`
  MODIFY `id` int(11) NOT NULL AUTO_INCREMENT, AUTO_INCREMENT=277;

--
-- AUTO_INCREMENT for table `room_bookings`
--
ALTER TABLE `room_bookings`
  MODIFY `id` int(11) NOT NULL AUTO_INCREMENT, AUTO_INCREMENT=8;

--
-- AUTO_INCREMENT for table `schedules`
--
ALTER TABLE `schedules`
  MODIFY `id` int(11) NOT NULL AUTO_INCREMENT, AUTO_INCREMENT=271;

--
-- AUTO_INCREMENT for table `users`
--
ALTER TABLE `users`
  MODIFY `id` int(11) NOT NULL AUTO_INCREMENT, AUTO_INCREMENT=7;

--
-- Constraints for dumped tables
--

--
-- Constraints for table `classes`
--
ALTER TABLE `classes`
  ADD CONSTRAINT `classes_ibfk_1` FOREIGN KEY (`schedule_id`) REFERENCES `schedules` (`id`),
  ADD CONSTRAINT `classes_ibfk_2` FOREIGN KEY (`room_id`) REFERENCES `rooms` (`id`);

--
-- Constraints for table `lecturers`
--
ALTER TABLE `lecturers`
  ADD CONSTRAINT `lecturers_ibfk_1` FOREIGN KEY (`department_id`) REFERENCES `departments` (`id`);

--
-- Constraints for table `maintenance_requests`
--
ALTER TABLE `maintenance_requests`
  ADD CONSTRAINT `maintenance_requests_ibfk_1` FOREIGN KEY (`room_id`) REFERENCES `rooms` (`id`),
  ADD CONSTRAINT `maintenance_requests_ibfk_2` FOREIGN KEY (`user_id`) REFERENCES `users` (`id`);

--
-- Constraints for table `notifications`
--
ALTER TABLE `notifications`
  ADD CONSTRAINT `notifications_ibfk_1` FOREIGN KEY (`user_id`) REFERENCES `users` (`id`);

--
-- Constraints for table `room_bookings`
--
ALTER TABLE `room_bookings`
  ADD CONSTRAINT `room_bookings_ibfk_1` FOREIGN KEY (`user_id`) REFERENCES `users` (`id`),
  ADD CONSTRAINT `room_bookings_ibfk_2` FOREIGN KEY (`room_id`) REFERENCES `rooms` (`id`);

--
-- Constraints for table `schedules`
--
ALTER TABLE `schedules`
  ADD CONSTRAINT `schedules_ibfk_1` FOREIGN KEY (`day_id`) REFERENCES `days` (`id`);

--
-- Constraints for table `student_classes`
--
ALTER TABLE `student_classes`
  ADD CONSTRAINT `student_classes_ibfk_1` FOREIGN KEY (`student_id`) REFERENCES `users` (`id`),
  ADD CONSTRAINT `student_classes_ibfk_2` FOREIGN KEY (`class_id`) REFERENCES `classes` (`id`);
COMMIT;

/*!40101 SET CHARACTER_SET_CLIENT=@OLD_CHARACTER_SET_CLIENT */;
/*!40101 SET CHARACTER_SET_RESULTS=@OLD_CHARACTER_SET_RESULTS */;
/*!40101 SET COLLATION_CONNECTION=@OLD_COLLATION_CONNECTION */;
